empresa,telefono,ciudad,rubro
Helados Gruta,+5491147800603,CABA,ice_cream
Green,+5491145538516,CABA,pharmacy
Farmacia Brianso,+5491147870207,CABA,pharmacy
Eurolock,+5491165116191,CABA,doors
Capitán Barbería,+5491124004196,CABA,hairdresser
Librería Biblos,+5491147642746,CABA,books
Café Palacio,+5491145545529,CABA,cafe
Santos Manjares,+5491160502225,CABA,restaurant
1+1,+5493515050000,Cordoba,love_hotel
RepensarMe - Consultorio Psicologico,+5493513517423,Cordoba,doctors
Jerome Brew Pub Express Córdoba,+5493515180354,Cordoba,bar
Rockería Trashed,+153463409865,Cordoba,gift
100x100 Lomo,+5493513587200,Cordoba,restaurant
FoodLab,+5492901555060,Cordoba,fast_food
Nails & Co.,+5493517402961,Cordoba,hairdresser
Catalina Calzados,+5493515595779,Cordoba,shoemaker
Mega Salud,+5493514812233,Cordoba,centre
Farmacia Pedernera,+5493518189594,Cordoba,pharmacy
Weiss Córdoba,+5492944308892,Cordoba,fast_food
Máximo Rent a Car,+5493512297501,Cordoba,car_rental
Choripan El Luisito,+5493546407859,Cordoba,restaurant
General Paz,+5493515425470,Cordoba,pharmacy
CAPS Ciudad Ampliación Cabildo,+549351156321424,Cordoba,clinic
CAPS Panamericano,+5490351156310155,Cordoba,clinic
Centro de Salud 88 - Chacra de la Merced,+5490351156100370,Cordoba,clinic
CAPS General Savio,+549351153916636,Cordoba,clinic
Centro de Salud de Los Cedros,+5490351156626150,Cordoba,clinic
Ferretería - cerrajería San Luis,+5493512293791,Cordoba,hardware
RM Insumos,+5493512700375,Cordoba,computer
InfoNegocios,+5493516691923,Cordoba,newspaper
Olmedo Odontología & Estética,+5493514258008,Cordoba,dentist
Marosi Bikes,+5493515186032,Cordoba,bicycle
Cristóbal,+549351551491,Cordoba,hardware
Carro Carnes,+5493513152736,Cordoba,butcher
Activar,+5493516593833,Cordoba,clinic
Big Lomo,+5493516069509,Cordoba,fast_food
Guay Buby,+5493512199756,Cordoba,interior_decoration
Manaish,+5493516084161,Cordoba,fast_food
EntreSano - Supermercado Saludable,+5493512896897,Cordoba,supermarket
Mi Fauna,+5493513943873,Cordoba,veterinary
Quick Lomo,+5493517122523,Cordoba,fast_food
Alquiler Auto Aero-Cordoba,+5493512902990,Cordoba,car_rental
Ruben Libros,+5493517550085,Cordoba,books
I Farm,+5493516951525,Cordoba,pharmacy
Orvema Tostadores,+5493516329160,Cordoba,coffee
Overwild Store,+5493517697755,Cordoba,clothes
Los Santos Studio,+5492966685460,Cordoba,hairdresser
Dupes Perfumería,+5493518512014,Cordoba,perfumery
MRE Estilistas Nueva Cordoba Peluquería,+54903512652733,Cordoba,hairdresser
Fermina,+54903512407015,Cordoba,clothes
Open 24 Drugstore,+54903512356774,Cordoba,kiosk
Nutricionista Romina Seisdedos,+54903513193647,Cordoba,doctors
Mercadito El Capi,+54903513972660,Cordoba,greengrocer
Pollería Rooster,+54903516210728,Cordoba,butcher
La Panadería,+54903515471577,Cordoba,bakery
Los Gayon,+54903518152098,Cordoba,marketplace
Carniceria La Entrañita,+5490351157555740,Cordoba,butcher
Patitas del Sur,+54903516238086,Cordoba,pet
Lavandería La Lavamos Ya!,+54903512912629,Cordoba,laundry
Veterinaria Exoticos Dr Lagos - Veterinaria Mundo Bicho,+5493517060088,Cordoba,veterinary
MADERO – Espacio de eventos,+5493512885992,Cordoba,events_venue
La Fuente de Milanesas,+5493518009057,Cordoba,fast_food
eRRe,+5493516811375,Cordoba,hairdresser
Imari Omakase,+5493512586364,Cordoba,restaurant
Ópticas Lauricella,+5493512481588,Cordoba,optician
"Stock In - Mayorista Multimarcas - Lexico, Oreiro Love y muchas más.",+5493517180888,Cordoba,fashion_accessories
"Tienda Lexico - Moda y Complementos - Carteras, Mochilas, Valijas y Accesorios",+5493516698309,Cordoba,fashion_accessories
Viviana Patoco,+5493513322413,Cordoba,lighting
Malter's,+5493854403399,Cordoba,car_repair
Swiss Medical,+5491150519982,Cordoba,insurance
Monasterio de Santa Catalina de Siena,+5493513795161,Cordoba,place_of_worship
Clínica Privada Vélez Sársfield,+5493514680700,Cordoba,hospital
CAPS Ciudad de Mis Sueños,+5493516310095,Cordoba,clinic
Sanatorio Privado De La Cañada,+5493517670780,Cordoba,hospital
Host Coworking - Sede Villa Belgrano,+54935174391111,Cordoba,coworking
INTA,+5493514256414,Cordoba,government
Catedral de Córdoba. Nuestra Señora de la Asunción,+54903514223446,Cordoba,place_of_worship
Laprida Hogar,+5493513251171,Cordoba,appliance
Mercado de Sabores,+5493518149405,Cordoba,seafood
Host Comunidad de Negocios - Sede Orfeo,+5493512510222,Cordoba,coworking
Dar,+5493414471441,Rosario,supermarket
Escuela de Guardavidas Rosario,+5493413358827,Rosario,school
Krow Distribuidora,+5493417199774,Rosario,alcohol
Hiper de la Pelu,+5493412288918,Rosario,cosmetics
Nautica Río,+5493414960014,Rosario,boat
Panadería El Shaddai,+5493416175677,Rosario,bakery
La Tiendita,+5493413210263,Rosario,groundskeeping
Lucio,+5493413151342,Rosario,butcher
Kiosco L'Edicola,+5493416010162,Rosario,kiosk
Ruben Vicente,+5493416710351,Rosario,bakery
Creando Futuro ONG,+5493412641096,Rosario,ngo
Gassman Barber Shop & Peluquería,+5493415156591,Rosario,hairdresser
Tecnofrío,+5493416754627,Rosario,car_repair
Slike,+5492617700720,Mendoza,bicycle
Montecristo Muebles,+5492614151486,Mendoza,furniture
TELEDAT,+5492614241579,Mendoza,electronics
Jardín Maternal Colorines,+5492612088804,Mendoza,kindergarten
KiosKing,+5492616615393,Mendoza,supermarket
La Zona Tango,+5492615196027,Mendoza,bar
Mendoza Motors,+5492616340405,Mendoza,motorcycle
LavaSec,+5492616419388,Mendoza,laundry
Facundo Sebastianelli Peluqueros,+5492612126483,Mendoza,hairdresser
Radio FM UTN 94.5,+5492615244555,Mendoza,studio
Faoro Abogados,+5492616356274,Mendoza,lawyer
Casa de Campo eventos,+5492615121104,Mendoza,events_venue
La Primera,5494232152,Mendoza,copyshop
Academia Cisco UTN Mendoza,+5492615244576,Mendoza,college
Bodega Domaine Le Billoud,+5492615182855,Mendoza,beverages
Maipú Bikes Rental Bikes,+5492614670761,Mendoza,bicycle_rental
"Vinoteca ""La Botella""",+5492614670761,Mendoza,bar
Zona Musica,+54902613728147,Mendoza,musical_instrument
Centro veterinario ciudad,+5492616304725,Mendoza,veterinary
El Mundo de Vazagui Eventos Infantiles,+5492614172157,Mendoza,community_centre
Librería Imperial,+5492616173092,Mendoza,books
AMG — Aconcagua Mountain Guides,+5492613022436,Mendoza,travel_agency
23 Rios Craftbeer,+5492615261046,Mendoza,bar
Club Cell,+5492613407075,Mendoza,mobile_phone
Servi Auto,+5492616624248,Mendoza,car_repair
GuardaTODO Mendoza,+5492612438787,Mendoza,storage_rental
Johnny's Pizza,+5492616117294,Mendoza,fast_food
Erina Estilista,+5492615659717,Mendoza,hairdresser
Malvinas Argentinas,+5492613842950,Mendoza,bakery
Nexonet,+5492615946354,Mendoza,company
Bicicleteria La Jungla,+5492612422177,Mendoza,bicycle
Bicicleteria OK Riders,+5492613252018,Mendoza,bicycle
Bicicleteria Bici A Punto,+5492612728218,Mendoza,bicycle
Bicicletería Las Heras Bikes,54902616174422,Mendoza,bicycle
Bicicletería Chila Taller,54902617230155,Mendoza,bicycle
Bicicletería enBICIate,54902615711660,Mendoza,bicycle
Bicicleteria JWH Bike,+5492616863735,Mendoza,bicycle
Bicicletería Todociclismo,+5492617088359,Mendoza,bicycle
Repuestos HEGO,+5492615030412,Mendoza,car_parts
Eidos,+5492612566507,Mendoza,architect
Carolino Cocina,+5492613333518,Mendoza,restaurant
Centauro,+5492612066255,Mendoza,restaurant
La Kafra,+5492615146567,Mendoza,cafe
Red Globe Tours,+5492616566566,Mendoza,guide
MDZ Rent a Car - Alquiler de Autos en Mendoza,+5492612306787,Mendoza,car_rental
El rey de la bicisenda,+5492617555002,Mendoza,bicycle
Instituto Compañía de María,+5492614254636,Mendoza,school
Claro,+5492236369309,Mar del Plata,mobile_phone
In Roma,+5492235236941,Mar del Plata,bakery
Kiosco Cervecero,+5492235162008,Mar del Plata,brewing_supplies
Optica Fava,+5492235349469,Mar del Plata,optician
Veinte777,+5492233018956,Mar del Plata,restaurant
Neumáticos Nelson,+5492236366549,Mar del Plata,car_repair
Kintu Jabones,+549223309789,Mar del Plata,cosmetics
Lo de Moretti,+549223608252,Mar del Plata,pet
Escuela Mar del Surf,+54902236000892,Mar del Plata,water_sports
Gato Coffee House,+5492236698308,Mar del Plata,cafe
La Casa del Parque,+5492235756832,Mar del Plata,cafe
Jophiel's Brew,+5492236014461,Mar del Plata,cafe
SAO Medialunas y Café,+5492233044479,Mar del Plata,cafe
Dopo,+5492235166246,Mar del Plata,restaurant
ServiTuc – Instalación de aires acondicionados,+5493815039235,San Miguel de Tucuman,hvac
Centro de Educación Básica Alternativa 1-22 (CEBA),+5493815530360,San Miguel de Tucuman,school
Centro de Formación Profecional 2-41 (Ce.F.P.),+5493815549678,San Miguel de Tucuman,college
Centro de Educación Básica Alternativa 1-94 (CEBA),+5493816817919,San Miguel de Tucuman,school
OdontoTucuman,+5493813407776,San Miguel de Tucuman,dentist
Lecfer EVT SA,+5493813601481,San Miguel de Tucuman,travel_agency
Fotografía y Video / Producción y edición by Fer,+5493816242212,San Miguel de Tucuman,photographer
IMPREPAPEL (Impresiones),+5493814684537,San Miguel de Tucuman,copyshop
Grafica Molina & Kreibohm,+5493812133179,San Miguel de Tucuman,copyshop
Todo Congelado,+5493865610605,San Miguel de Tucuman,health_food
Luve Tech - Reparación de Celulares,+5493813605587,San Miguel de Tucuman,repair
PAKUA - Espacio Interdisciplinario de Artes y Terapias Orientales,+5493815130161,San Miguel de Tucuman,alternative
We Love Muchachas,+5493814800200,San Miguel de Tucuman,clothes
Hertz Salta Center,+5491139004533,Salta,car_rental
Elasticos Suspension System in Salta,+5494280673,Salta,car_repair
Miguel Toyota Center (VW/Toyota),+549387154625085,Salta,car_repair
MPC car rental,+5491134210202,Salta,car_rental
Sandwichera martin,+5493874530837,Salta,department_store
Das rent a car,+5493874403852,Salta,car_rental
Pucará Rent A Car,+5493875837097,Salta,car_rental
Condor Moto Trip & Rental,+5493874636171,Salta,motorcycle
SashaDesigns,+5493874684425,Salta,furniture
ShamRock Barberia,+5493875827058,Salta,hairdresser
Sánchez,+5492214572753,La Plata,pharmacy
Ginko Eventos,+5492216687693,La Plata,community_centre
Punto 45,+5492213573154,La Plata,stationery
Residencia Corazón,+5492214009602,La Plata,arts_centre
Juguetron,+5492214987428,La Plata,toys
BrewHouse,+5491149794713,La Plata,bar
FLB,+5492215522278,La Plata,insurance
BAMP Group,+5491153057778,La Plata,motorcycle
Cabrera Bienes Raices 7505,+5492213552452,La Plata,estate_agent
El Duero Bodega,+5492213531690,La Plata,restaurant
Hey Grow,+5492216262888,La Plata,garden_centre
Copy 6,+5492214828467,La Plata,copyshop
Dovana,+549221155454848,La Plata,cleaning_supplies
Docena-Orellano,+5492214883698,La Plata,sample_collection
Kar-Die,+5492214521464,La Plata,bakery
Venetto,+5492215480520,La Plata,deli
Super Pallas,+5491127357091,La Plata,supermarket
Los Pollitos de Mamá,+5492214586059,La Plata,butcher
El Jacarandá,+5492216688269,La Plata,veterinary
Noni Noni,+5492216020602,La Plata,baby_goods
Motorräder,+5492215628397,La Plata,car_parts
Oh My Veggie,+5492995761797,Neuquen,health_food
Antares,+5492996830021,Neuquen,pub
Sinergia Salud,+5492996110080,Neuquen,clinic
Scott Neuquén,+5492993266660,Neuquen,bicycle
Ziba,+5492914654222,Bahia Blanca,restaurant
Leo,+5492914629327,Bahia Blanca,pasta
Escuela 6,+5494524889,Bahia Blanca,school
Escuela Nro 34 - José Manuel Estrada,+5494558945,Bahia Blanca,school
Grido,+5492914550534,Bahia Blanca,ice_cream
Robotics Bay,+5492915174302,Bahia Blanca,computer
Artesalandia,+5492914501510,Bahia Blanca,craft
Santa Maria,+5492914513004,Bahia Blanca,bakery
Estudio Contable Gómez Tedeschi,+5492914123692,Bahia Blanca,company
Carnicería de José,+5492914514501,Bahia Blanca,butcher
Bellei,+5492914550165,Bahia Blanca,pharmacy
Iglesia Adventista del Séptimo Día,+5492914135570,Bahia Blanca,place_of_worship
La Guapa,+5492914517388,Bahia Blanca,greengrocer
Espacio Artesanal,+549291154062100,Bahia Blanca,craft
MicroHouse,+5492914561449,Bahia Blanca,computer
Mundo Outlet,+5492914147915,Bahia Blanca,clothes
Mundo Outdoor,+5492914147915,Bahia Blanca,clothes
Montagne,+5492915662825,Bahia Blanca,clothes
Blue Sun,+5492914547878,Bahia Blanca,beauty
Cotillón Osito Panda,+5492914565020,Bahia Blanca,party
Banchetto,+5492914548600,Bahia Blanca,cheese
Jauja,+5492914518111,Bahia Blanca,ice_cream
Sur,+5492914399026,Bahia Blanca,locksmith
Consultorios de Ecografía,+5492914562185,Bahia Blanca,doctors
Aries,+5492915174267,Bahia Blanca,photo
iNova,+5492914265451,Bahia Blanca,clinic
Lavalle 11,+5492914265451,Bahia Blanca,clinic
Wikinger,+5492914394580,Bahia Blanca,alcohol
LS sin tacc,+5492914250789,Bahia Blanca,bakery
Trapun,+5492914745013,Bahia Blanca,butcher
Panadería MarySol,+5492915022600,Bahia Blanca,supermarket
Biblioteca Central de la Universidad Nacional del Sur,+5492914595111,Bahia Blanca,library
Suc. Bahía Blanca - DM Group - Comercializadora Mara S.A.,+5492916481069,Bahia Blanca,supermarket
La Brújula 24,+5492914856400,Bahia Blanca,studio
"Sala de Lectura Silenciosa ""Manuel Gil""",+5492914595111,Bahia Blanca,library
Cúrcuma y Jengibre,+5492915135964,Bahia Blanca,health_food
ECODOC,+5492914533317,Bahia Blanca,doctors
Super Nutricion,+5492915072984,Bahia Blanca,nutrition_supplements
Hiper Cooperativa Obrera,+5492914565565,Bahia Blanca,supermarket
Casa Ronald Mc. Donald,+5492914811349,Bahia Blanca,social_facility
Vea,+5492914557517,Bahia Blanca,supermarket
Cooperativa Obrera,+5492914510107,Bahia Blanca,supermarket
Hogar del Anciano,+5492914523565,Bahia Blanca,social_facility
Vivero las Magnolias,+5492914511198,Bahia Blanca,garden_centre
Aumacar Famly,+5492914277849,Bahia Blanca,car
Heggel,+5492914566777,Bahia Blanca,ice_cream
Mailén,+5492914513622,Bahia Blanca,veterinary
Don Bosco,+5492914880059,Bahia Blanca,veterinary
El vecino,+549291154056636,Bahia Blanca,butcher
Decomad,+5492914500177,Bahia Blanca,carpenter
Cooperativa Obrera,+5492914886002,Bahia Blanca,supermarket
Cooperativa Obrera,+5492914885022,Bahia Blanca,supermarket
Lucaioli,+5492914540004,Bahia Blanca,paint
Unisan 24,+5492914514205,Bahia Blanca,veterinary
Radio Colonia,+5492914560044,Bahia Blanca,radiotechnics
Imosur,+5492914558800,Bahia Blanca,doctors
Verónica Tanoni,+5492914195201,Bahia Blanca,veterinary
Faunavet,+5492915342696,Bahia Blanca,veterinary
Forrajería y vivero Don Bosco,+5492915014069,Bahia Blanca,garden_centre
La Bahía,+5492914555290,Bahia Blanca,glaziery
Le pomm,+5492914515005,Bahia Blanca,ice_cream
El Señor de los Novillos,+5492914382457,Bahia Blanca,butcher
Heguilen,+5492914526666,Bahia Blanca,pharmacy
Corcel,+5492914564456,Bahia Blanca,car
Gráfica Palermo,+5492914747359,Bahia Blanca,stationery
La Esquina,+5492914514909,Bahia Blanca,car_wash
A Gusto Y Piacere,+5492916453068,Bahia Blanca,fast_food
Mulata,+5492914443535,Bahia Blanca,cafe
CEMM,+5492914397080,Bahia Blanca,veterinary
CIVET,+5492914540674,Bahia Blanca,veterinary
Instituto Medico para la Mujer,+5492914557818,Bahia Blanca,doctors
Alpros,+5492914531355,Bahia Blanca,chemist
Banchetto,+5492914501516,Bahia Blanca,cheese
Casabella,+5492914533101,Bahia Blanca,bed
Tucci,+5492914501382,Bahia Blanca,bed
Animal Center,+5492914543622,Bahia Blanca,veterinary
BACIC,+5492914182138,Bahia Blanca,hardware
Benita,+5492914659082,Bahia Blanca,clothes
Quincho Bahía,+5492914513453,Bahia Blanca,houseware
Consultorio Radiológico,+5492914537306,Bahia Blanca,doctors
Daniel Fainstein,+5492914526684,Bahia Blanca,doctors
IACA,+5492914599999,Bahia Blanca,laboratory
Consultores Médicos,+5492914422466,Bahia Blanca,doctors
De la Bahía,+5492914428575,Bahia Blanca,pharmacy
Consulado General de Italia,+5492914428255,Bahia Blanca,diplomatic
Clínica Veterinaria Integral,+5492916426777,Bahia Blanca,veterinary
Clínica Veterinaria del Sol,+5492914549433,Bahia Blanca,veterinary
Guzman,+5492914526811,Bahia Blanca,pharmacy
Blue Sun,+5492914502939,Bahia Blanca,beauty
Unidad Regional Nº 5,+5492914556686,Bahia Blanca,police
Panamá,+5492914532811,Bahia Blanca,parking
Bahía Comunicaciones,+5492914545565,Bahia Blanca,telecommunication
El Pinar,+5492914887479,Bahia Blanca,events_venue
Leo,+5492915353146,Bahia Blanca,pasta
Sherlock Holmes English Centre,+5492914543238,Bahia Blanca,language_school
La Nación,+5492914047077,Bahia Blanca,bakery
Brighton English Centre,+5492914531728,Bahia Blanca,language_school
B&P,+5492914532702,Bahia Blanca,radiotechnics
Andrea Lopez,+5492914520258,Bahia Blanca,hairdresser
La Aguada,+5492914561146,Bahia Blanca,company
Zarek,+5492914522720,Bahia Blanca,doctors
Flavor,+5492914448464,Bahia Blanca,ice_cream
Electric-Hogar,+5492914527536,Bahia Blanca,bed
Olstein & Asociados,+5492914543444,Bahia Blanca,insurance
Grupo Scout San Jorge,+5492914775804,Bahia Blanca,community_centre
Via Cargo,+5492914142719,Bahia Blanca,courier
Consultorio Médico Húsares,+5492914551565,Bahia Blanca,doctors
CEDIC,+5492914547216,Bahia Blanca,clinic
Todo Tenis & Running,+5492915088585,Bahia Blanca,sports
Lojuro! Deco,+5492914194920,Bahia Blanca,gift
Teatro Don Bosco,+5492914556498,Bahia Blanca,theatre
Didácticos del Sur,+5492915726443,Bahia Blanca,toys
Rústico,+5492916433614,Bahia Blanca,fast_food
Deco Chic,+5492914321138,Bahia Blanca,furniture
Ilusiones,+5492914500150,Bahia Blanca,party
Asociación Integrar,+5492915276610,Bahia Blanca,social_facility
San Roque,+5492914502233,Bahia Blanca,veterinary
Copymac,+5492914527425,Bahia Blanca,copyshop
"Templo de Bahía Blanca, Argentina",+5492914855540,Bahia Blanca,place_of_worship
Del Turista,+5492915047083,Bahia Blanca,cafe
CETYD,+5492914513395,Bahia Blanca,doctors
Resonancia Bahía,+5492915178181,Bahia Blanca,doctors
FÉNIX Rehabilitación Funcional,+5492915170221,Bahia Blanca,physiotherapist
Almafuerte,+5492914521199,Bahia Blanca,veterinary
Resto Feliks,+5492914516999,Bahia Blanca,restaurant
INCUDI - Centro de día II,+5492914556018,Bahia Blanca,social_facility
Escuela Especial INCUDI,+5492914510180,Bahia Blanca,school
INCUDI - Centro de día I,+5492914888349,Bahia Blanca,social_facility
INCUDI - Hogar para Jóvenes y Adultos,+5492914882280,Bahia Blanca,social_facility
INCUDI - Hogar para Adultos Mayores,+5492914882794,Bahia Blanca,social_facility
Unidad Sanitaria San Dionisio,+5492914550211,Bahia Blanca,clinic
Perlotti,+5492914533238,Bahia Blanca,pharmacy
Consejo Profesional de Agrimensura,+5492914555141,Bahia Blanca,community_centre
Amatista,+5492914612068,Bahia Blanca,tailor
Clínica del Calzado Ariel,+5492915017201,Bahia Blanca,shoe_repair
Patronato de la Infancia,+5492914520680,Bahia Blanca,social_facility
Santé,+5492915204351,Bahia Blanca,physiotherapist
Sociedad Escolar Alemana,+5492914536007,Bahia Blanca,language_school
Las Tías Bar,+5492915061627,Bahia Blanca,bar
Mamba,+549291155248030,Bahia Blanca,pub
Traumatología Integral Avanzada,+5492915726627,Bahia Blanca,doctors
María José Debernardi,+5492914537814,Bahia Blanca,physiotherapist
MicroHouse,+5492915173204,Bahia Blanca,computer
Liga del Sur,+5492914529322,Bahia Blanca,association
Cuartel de Bomberos Voluntarios de Bahía Blanca,+5492914556753,Bahia Blanca,fire_station
Vivero Caronti,+5492914517442,Bahia Blanca,garden_centre
Don José,+5492914411181,Bahia Blanca,butcher
Mil Delicias,+5492914180224,Bahia Blanca,bakery
"Escuela Primaria Nº 63 ""Perito Francisco Moreno""",+5492914522530,Bahia Blanca,school
El Delirio,+5492915050197,Bahia Blanca,fast_food
Liga Comercial,+5492914515906,Bahia Blanca,association
La Mejicana,+5492915020796,Bahia Blanca,greengrocer
Mapy,+5492914530481,Bahia Blanca,bakery
Di Nucci,+5492914552155,Bahia Blanca,pharmacy
San Doná,+5492914522540,Bahia Blanca,restaurant
Coffee Tiger,+5492915279928,Bahia Blanca,coffee
SRG Universal Broker,+5492914308130,Bahia Blanca,insurance
La Escondida,+5492914268084,Bahia Blanca,restaurant
Pollería Quica,+5492915249576,Bahia Blanca,butcher
Cooperativa de Bomberos,+5492914517558,Bahia Blanca,association
ARS Group Consulting,+5492914309060,Bahia Blanca,consulting
Patio Portugal,+5492915273133,Bahia Blanca,restaurant
El Modesto,+5492914664777,Bahia Blanca,restaurant
Instituto de flebología,+5492914537371,Bahia Blanca,doctors
Rotary Almafuerte,+5492914073930,Bahia Blanca,charity
Pollería Il Pollo,+5492914426329,Bahia Blanca,butcher
Pescadería Argentina,+5492914565885,Bahia Blanca,seafood
Black Oranda FIsh,+5492914135136,Bahia Blanca,pet
Residencia Casa Alem,+5492914051217,Bahia Blanca,social_facility
Andreoli,+5492914552011,Bahia Blanca,pharmacy
Salta Motorsport,+5492914556766,Bahia Blanca,motorcycle
Aumacar Subaru Suzuki,+5492914277849,Bahia Blanca,car
ITParaná,+5493435073164,Parana,computer
Muebles Para Tu Hogar,+5493434677708,Parana,furniture
Dicett repuestos para motor,155312953,Parana,car_repair
Constructora del Paraná,+54903434164049,Parana,construction_company
Libros 1912,+5493434574358,Parana,books
Asociación Propietarios de Taxis de Resistencia,+5493624429443,Resistencia,yes
iTech Servicio Técnico,+5493624558856,Resistencia,electronics_repair
Protea,+5493624431892,Resistencia,clinic
La Esperanza,+5493624869755,Resistencia,butcher
Buen Clima,+5493764533980,Posadas,fast_food
Artenburguer,+5493764708373,Posadas,fast_food
Argento,+5493764205392,Posadas,fast_food
CDR Sanatorio Camino,376415279396,Posadas,government
Pizza 1985,+5493764192779,Posadas,restaurant
Nito,+5493764380616,Posadas,locksmith
Cerveza Oveja,+5493764225663,Posadas,brewery
Casa Chicha,+5493765387792,Posadas,houseware
Sarmiento,+5493764248765,Posadas,parking
Comisaría de la Mujer Zona Oeste - UR I,+5493764335474,Posadas,police
Thania Dol,+5493764665763,Posadas,hardware
David,+5493764532690,Posadas,locksmith
Centro de Odontología Especializada,+5493764874383,Posadas,dentist
Servicios de Ingeniería Electrónica,154287470,Posadas,electronics_repair
Cerrajería,+5493764681211,Posadas,locksmith
La Reina del Pollo,+5493764507636,Posadas,butcher
Workpeople,+5493764376768,Posadas,yes
Optilens,+5493764436735,Posadas,optician
Loben,+5437615563623,Posadas,pharmacy
Guau Vet,+5493764233567,Posadas,veterinary
De la Parrilla al Pan,+5493764386373,Posadas,fast_food
ADN Pizzero,+5493764986429,Posadas,restaurant
Dr. Santiago,+5493764867683,Posadas,veterinary
Alma,+5493764714047,Posadas,veterinary
Espacio TISaM,+54903764423805,Posadas,clinic
Peluquería,+5437615848802,Posadas,hairdresser
Escuela Marcial KengWu,+5491130772770,Posadas,dojo
Help me Teacher,+5493764422764,Posadas,language_school
Cirfren,+5493764270598,Posadas,car_parts
Posadas Refrigeración,+5493764577133,Posadas,electronics_repair
Tierra Servicios Inmobiliarios,+5493764694200,Posadas,estate_agent
Tech Dex,+5493765038803,Posadas,electronics_repair
Rush English Institute,+5493765142001,Posadas,school
Pequeños Gigantes,+5493764634639,Posadas,kindergarten
Librería Tucumán,+5493765008681,Posadas,stationery
Matto Style,+5493764122823,Posadas,hairdresser
Maysan Sabores Caseros,+5493764189168,Posadas,fast_food
Mundo de Colores,+5493764225782,Posadas,events_venue
Abrazo de Oso,+5493764633286,Posadas,school
Shawarma Express,+5493764506768,Posadas,fast_food
Centro Educativo de Nivel Secundario 176,+5493764666186,Posadas,school
Farmaplus,+5493764390404,Posadas,pharmacy
Mengana Craft Beer Station,+5493764256543,Posadas,beverages
Ki Neuro,+5493764642957,Posadas,alternative
Llantas Rocabert,+5493764277193,Posadas,car_repair
Parrilla y Planchetta Julián,+5493764216864,Posadas,fast_food
Posnet,+5493764422418,Posadas,company
Juan Pablo Horianski,+5493764421034,Posadas,insurance
Colella,+5493764672412,Posadas,alternative
Raúl,+5493764518009,Posadas,shoemaker
La Catalana deco y bazar,+5493764810050,Posadas,variety_store
Impulso Maderas,+5493764722748,Posadas,yes
Graficom,+5493764432933,Posadas,computer
Nivel 10,+5493764255832,Posadas,fast_food
Crisol Lentejuelas,+549764260555,Posadas,sewing
Laudín,+5493764579555,Posadas,estate_agent
FIV Odontología,+5493764820283,Posadas,dentist
FerVer Negocios Inmobiliarios,+5493764441433,Posadas,estate_agent
DAS Brewery,+5493764743184,Posadas,restaurant
Pasta Madre,+5493764815656,Posadas,restaurant
Oveja,+5493764225663,Posadas,bar
DeliNut,+5493765366641,Posadas,health_food
Cipriano,+54906244251444,San Juan,restaurant
Registro Automotor 3,+5492644067112,San Juan,government
Cereza Light,+5492644085003,San Juan,cafe
Macnum,+5492644804468,San Juan,computer
Cerrajería En Rivadavia,+5492644993900,San Juan,locksmith
Cerrajería GM,+5492645040017,San Juan,locksmith
Instituto Superior Escuela de Bibliotecología,+54902644307559,San Juan,college
Panissimo,+54902644251340,San Juan,bakery
Heladería di Roma,+5492646312323,San Juan,ice_cream
Grido,+54902644664677,San Juan,ice_cream
Del Parque,+54902644254964,San Juan,ice_cream
La Carmen Comidas,+5492644120446,San Juan,fast_food
F1 Neumaticos,+5494237064,San Juan,tyres
Feeka Market,+5492645859334,San Juan,health_food
Grupo Somos - Centro gráfico integral,+5492645596122,San Juan,copyshop
Al mate Sulpay,+5492646713212,San Juan,supermarket
Colegio de Ingenieros Civiles de San Juan,+5492645048207,San Juan,association
Cuba Lalá,+5492645606488,San Juan,clothes
Clínica Alemana,+549264493389,San Juan,clinic
La Escondida,+5492644142719,San Juan,fast_food
Odontología,+5492644582547,San Juan,doctors
Los Troncos empanadas,+5492645709139,San Juan,fast_food
Paisanita empanadas,+5492646203011,San Juan,fast_food
Farmacia Della Rosa,+5492644054128,San Juan,pharmacy
Clínica Veterinaria Olaen,+5492645461284,San Juan,veterinary
Colegio de Arquitectos de San Juan,+5492644203547,San Juan,association
Alpaca,+5492646610171,San Juan,pet
Mundo Animal,+5492645526090,San Juan,veterinary
Registro Automotor 8,+5492644997282,San Juan,government
Mundo Automotor,+5492644263041,San Juan,car_rental
TCV Desarrollo de Soluciones S.R.L.,+5492645403210,San Juan,it
Kando Bikes,+5492644147750,San Juan,bicycle
Hormiga Roja,+5492644889773,San Juan,pub
Transportes Automotores 20 de Junio,+54902644250283,San Juan,company
Alpaca para tu mascota,+5492646610171,San Juan,pet
Escuadrón de Gendarmeria Nacional,+5493795033473,Corrientes,police
Escuela de Buceo,+5493794598819,Corrientes,school
Consulado del Paraguay en Corrientes,+54937944231008,Corrientes,diplomatic
Colegio Publico de Martilleros y Corredores de la Provincia de Corrientes,+5493794182595,Corrientes,yes
Caskal Web - Diseño web / gráfico,+5493854112838,Santiago del Estero,graphic_design
Riki Verdulería,+5493854190078,Santiago del Estero,greengrocer
Locos x la Pizza,+5493853260000,Santiago del Estero,fast_food
Pizzería Popular,+5493853102342,Santiago del Estero,restaurant
El lomo y Cía,+5493584622622+5493284223397,Rio Cuarto,restaurant
Estudio Juridico Gaston Roman Sabena,+54358155618188,Rio Cuarto,lawyer
Guillermo Ozta,156003137,Rio Cuarto,car_repair
Lave-rap Central,+5492664770576,San Luis,laundry
Roxck,+5492664923612,San Luis,clothes
Gomez Construshop S.A.,+5492664405728,San Luis,trade
Iglesia Sagrado Corazón,+5492664433833,San Luis,place_of_worship
