empresa,canal,contacto,idioma_mensaje,puesto_ejemplo,ciudad,fuente
Conprove Indústria e Comércio,email,conprove@conprove.com.br,PT,Assistente de Materiais,Uberlândia MG,sitio propio
AGX Tecnologia,email,contato@agxsoftware.com,PT,Agente de Atendimento,Sorocaba SP,sitio propio
Riberman Plásticos Industriais,email,com@riberman.com.br,PT,Analista de Processos,Ribeirão Preto SP,sitio propio
Qi Network Soluções Tecnológicas,email,contato@qinetwork.com.br,PT,Account Manager,Florianópolis SC,sitio propio
Risotolândia Alimentos,email,comercial@risotolandia.com.br,PT,Auxiliar Administrativo,Araucária PR,sitio propio
Acessoline Telecomunicações,email,contabil@acessoline.net.br,PT,Analista de Almoxarifado,Florianópolis SC,dominio propio
Casas da Água Materiais p/ Construção,whatsapp,+55 48 3271-3010,PT,Atendente de Vendas,Florianópolis SC,sitio propio
Quartzo Incorporadora,whatsapp,+55 31 3010-7002,PT,Auxiliar Administrativo,Belo Horizonte MG,sitio propio
Carraro Logística e Transporte,whatsapp,+55 41 3132-5073,PT,Ajudante Geral,Votorantim SP,sitio propio
